{"stats":{"minecraft:mined":{"minecraft:hay_block":28,"minecraft:white_bed":1,"minecraft:cherry_log":2,"projectvibrantjourneys:twigs":1,"minecraft:grass":9,"minecraft:oak_log":23,"projectvibrantjourneys:short_grass":5,"minecraft:oak_leaves":2},"minecraft:killed_by":{"minecraft:player":1,"minecraft:zombie":2},"minecraft:picked_up":{"minecraft:stick":1,"minecraft:leather":6,"pointblank:gunmetal_nugget":6,"minecraft:oak_log":27,"minecraft:cherry_log":2,"minecraft:white_bed":1,"minecraft:gunpowder":3,"marbledsarsenal:cm6m_gas_mask":3,"minecraft:spider_eye":4,"pointblank:m1911a1":3,"pointblank:ammo45acp":65,"minecraft:stone_sword":1,"minecraft:rotten_flesh":4,"minecraft:apple":1,"pointblank:hs12":3,"minecraft:hay_block":28,"minecraft:beef":6,"pointblank:ammo12gauge":8,"minecraft:bread":24,"minecraft:poppy":2,"minecraft:oak_sapling":1},"minecraft:used":{"minecraft:wooden_axe":26,"minecraft:stone_sword":35,"minecraft:bread":6,"minecraft:crafting_table":1,"marbledsarsenal:cm6m_gas_mask":3},"minecraft:custom":{"minecraft:time_since_rest":12817,"minecraft:sprint_one_cm":87507,"minecraft:damage_taken":852,"minecraft:walk_one_cm":56507,"minecraft:mob_kills":7,"minecraft:drop":4,"minecraft:damage_dealt":8,"minecraft:interact_with_crafting_table":1,"minecraft:swim_one_cm":4089,"minecraft:fly_one_cm":115821,"minecraft:player_kills":1,"minecraft:open_chest":1,"minecraft:crouch_one_cm":3018,"minecraft:play_time":23242,"minecraft:deaths":3,"minecraft:sneak_time":658,"minecraft:walk_under_water_one_cm":3092,"minecraft:jump":475,"minecraft:damage_dealt_resisted":40,"minecraft:leave_game":1,"minecraft:time_since_death":12788,"minecraft:walk_on_water_one_cm":1740,"minecraft:total_world_time":23242,"minecraft:fall_one_cm":17451},"minecraft:dropped":{"minecraft:leather_chestplate":1,"minecraft:stone_sword":1,"minecraft:rotten_flesh":1,"minecraft:spider_eye":1},"minecraft:killed":{"minecraft:zombie":5,"hordes:zombie_player":1,"minecraft:cow":1},"minecraft:crafted":{"minecraft:oak_planks":68,"minecraft:crafting_table":1,"minecraft:bread":64,"minecraft:wheat":198}},"DataVersion":3465}