{"stats":{"minecraft:used":{"minecraft:oak_trapdoor":2,"minecraft:stone_sword":172,"minecraft:stone_shovel":45,"minecraft:ladder":7,"minecraft:oak_sign":3,"minecraft:chest":7,"minecraft:stone":6,"minecraft:rotten_flesh":5,"minecraft:oak_door":9,"minecraft:torch":60,"minecraft:dirt":10,"minecraft:oak_fence_gate":1,"minecraft:wooden_axe":71,"minecraft:rooted_dirt":3,"minecraft:iron_helmet":1,"minecraft:stone_bricks":1,"minecraft:furnace":3,"marbledsarsenal:cm6m_gas_mask":3,"minecraft:cooked_beef":2,"minecraft:cobbled_deepslate":1,"minecraft:birch_leaves":2,"minecraft:oak_planks":85,"minecraft:stone_pickaxe":428,"minecraft:cartography_table":2,"minecraft:orange_tulip":1,"minecraft:wooden_pickaxe":60,"minecraft:cherry_planks":8,"minecraft:red_mushroom_block":1,"minecraft:cobblestone_slab":5,"minecraft:vine":6,"minecraft:crafting_table":9,"minecraft:white_bed":4,"minecraft:painting":1,"minecraft:black_bed":2,"minecraft:bread":23,"minecraft:deepslate":5,"minecraft:gravel":2,"minecraft:stone_axe":67,"minecraft:wooden_sword":57,"minecraft:cobblestone":50,"minecraft:cooked_porkchop":1,"minecraft:coarse_dirt":25},"minecraft:dropped":{"minecraft:bread":20,"minecraft:porkchop":1,"minecraft:wheat_seeds":4,"minecraft:mossy_cobblestone":1,"minecraft:book":3,"projectvibrantjourneys:orange_bark_mushroom":8,"minecraft:coal":1,"minecraft:dark_oak_log":6,"minecraft:wooden_axe":2,"minecraft:wooden_sword":1,"minecraft:phantom_membrane":2,"pointblank:m1911a1":3,"minecraft:hanging_roots":1,"marbledsarsenal:cm6m_gas_mask":1,"minecraft:bone":7,"car:canola_seeds":4,"minecraft:sweet_berries":5,"alexsmobs:maggot":2,"minecraft:iron_nugget":7,"minecraft:stone_sword":4,"projectvibrantjourneys:twigs":2,"minecraft:birch_sapling":2,"minecraft:wheat":6,"minecraft:rotten_flesh":10,"minecraft:oak_planks":4,"pointblank:gunmetal_nugget":37,"minecraft:leather_chestplate":3,"projectvibrantjourneys:light_brown_bark_mushroom":1,"minecraft:cobblestone_slab":3,"minecraft:gunpowder":6,"create:veridium":10,"minecraft:leather_boots":1,"minecraft:golden_leggings":1,"minecraft:ladder":1,"minecraft:spider_eye":1,"minecraft:painting":1,"minecraft:slime_ball":1,"ecologics:seashell":1,"pointblank:hs12":1},"minecraft:crafted":{"minecraft:cherry_planks":8,"minecraft:wooden_sword":1,"minecraft:oak_door":6,"minecraft:oak_planks":204,"minecraft:oak_sign":3,"minecraft:cobblestone_slab":6,"minecraft:stone_shovel":1,"minecraft:furnace":1,"minecraft:oak_trapdoor":2,"minecraft:ladder":6,"minecraft:stone_pickaxe":4,"minecraft:chest":5,"minecraft:wheat":252,"minecraft:cooked_beef":2,"minecraft:cooked_porkchop":1,"minecraft:crafting_table":4,"minecraft:wooden_pickaxe":1,"minecraft:birch_planks":136,"minecraft:stone_axe":1,"minecraft:bread":84,"minecraft:air":0,"minecraft:oak_fence_gate":1,"minecraft:white_wool":3,"minecraft:stick":48,"minecraft:iron_ingot":2,"minecraft:wooden_axe":1,"minecraft:stone_sword":2,"minecraft:white_bed":1,"minecraft:torch":56},"minecraft:custom":{"minecraft:mob_kills":50,"minecraft:interact_with_crafting_table":33,"minecraft:damage_dealt_resisted":751,"minecraft:leave_game":8,"minecraft:time_since_death":653,"minecraft:climb_one_cm":27274,"minecraft:damage_resisted":589,"minecraft:sprint_one_cm":470426,"minecraft:walk_one_cm":625562,"minecraft:drop":58,"minecraft:play_time":210236,"minecraft:sneak_time":12409,"minecraft:deaths":29,"minecraft:walk_under_water_one_cm":11145,"minecraft:boat_one_cm":69910,"minecraft:jump":3260,"minecraft:interact_with_blast_furnace":3,"minecraft:walk_on_water_one_cm":14178,"minecraft:total_world_time":210236,"minecraft:interact_with_furnace":13,"minecraft:interact_with_cartography_table":1,"minecraft:sleep_in_bed":1,"minecraft:time_since_rest":683,"minecraft:damage_taken":10297,"minecraft:damage_dealt":7176,"minecraft:player_kills":11,"minecraft:swim_one_cm":14839,"minecraft:fly_one_cm":963497,"minecraft:open_chest":60,"minecraft:crouch_one_cm":30290,"minecraft:fall_one_cm":89968},"minecraft:mined":{"minecraft:tuff":19,"minecraft:white_bed":3,"minecraft:oak_door":3,"minecraft:cherry_log":2,"minecraft:dark_oak_log":7,"minecraft:ladder":1,"minecraft:cartography_table":2,"minecraft:rooted_dirt":5,"minecraft:hay_block":28,"minecraft:furnace":2,"minecraft:iron_ore":15,"minecraft:cobblestone_slab":1,"minecraft:vine":2,"minecraft:stone":340,"create:veridium":8,"minecraft:cherry_planks":2,"minecraft:hanging_roots":1,"minecraft:crafting_table":6,"minecraft:torch":2,"projectvibrantjourneys:twigs":1,"minecraft:chest":2,"minecraft:copper_ore":6,"minecraft:tall_grass":4,"minecraft:cobblestone":25,"minecraft:wall_torch":2,"minecraft:coarse_dirt":26,"ecologics:seashell":1,"minecraft:birch_log":34,"minecraft:sweet_berry_bush":2,"minecraft:orange_tulip":1,"minecraft:grass":19,"minecraft:oak_log":51,"minecraft:coal_ore":20,"projectvibrantjourneys:short_grass":16,"minecraft:gravel":4,"minecraft:dirt":15,"minecraft:cobweb":6,"minecraft:oak_leaves":4,"minecraft:deepslate":42},"minecraft:picked_up":{"minecraft:wooden_axe":7,"minecraft:crafting_table":10,"minecraft:coarse_dirt":92,"minecraft:wheat":24,"minecraft:ladder":2,"jujutsucraft:uniform_normal_boots":2,"ecologics:seashell":1,"minecraft:wooden_pickaxe":1,"minecraft:string":21,"minecraft:raw_copper":23,"minecraft:wooden_sword":8,"minecraft:flint_and_steel":3,"minecraft:cartography_table":3,"minecraft:cobbled_deepslate":155,"minecraft:beef":14,"minecraft:cobblestone_slab":4,"minecraft:iron_nugget":21,"minecraft:poppy":2,"alexsmobs:raccoon_tail":3,"minecraft:chest":3,"minecraft:birch_sapling":13,"minecraft:phantom_membrane":2,"minecraft:furnace":2,"minecraft:stick":15,"minecraft:raw_iron":25,"minecraft:stone":7,"minecraft:oak_door":7,"projectvibrantjourneys:bark_mushroom":5,"minecraft:torch":10,"minecraft:porkchop":5,"pointblank:gunmetal_nugget":200,"minecraft:cherry_log":2,"minecraft:vine":6,"pointblank:ammo45acp":65,"pointblank:m1911a1":11,"minecraft:stone_sword":7,"minecraft:rotten_flesh":44,"minecraft:stone_shovel":3,"minecraft:hay_block":46,"create:veridium":16,"minecraft:cobblestone":622,"minecraft:birch_log":34,"minecraft:birch_leaves":2,"minecraft:leather_chestplate":5,"minecraft:feather":2,"minecraft:cherry_planks":8,"jujutsucraft:uniform_gojo_boots":1,"minecraft:red_mushroom_block":1,"minecraft:leather":13,"minecraft:golden_leggings":4,"minecraft:birch_planks":3,"minecraft:flint":1,"minecraft:tuff":74,"minecraft:oak_log":55,"minecraft:gunpowder":33,"marbledsarsenal:cm6m_gas_mask":12,"minecraft:dirt":16,"jujutsucraft:uniform_normal_leggings":2,"minecraft:leather_boots":1,"minecraft:hanging_roots":1,"minecraft:bone":25,"minecraft:apple":6,"minecraft:stone_bricks":1,"minecraft:wheat_seeds":6,"minecraft:orange_tulip":2,"pointblank:hs12":8,"minecraft:stone_pickaxe":10,"pointblank:ammo12gauge":8,"minecraft:oak_planks":340,"minecraft:book":6,"projectvibrantjourneys:light_brown_bark_mushroom":1,"jujutsucraft:item_insect":2,"minecraft:sweet_berries":10,"car:canola_seeds":4,"minecraft:gravel":6,"jujutsucraft:uniform_gojo_leggings":3,"jujutsucraft:uniform_normal_chestplate":2,"jujutsucraft:uniform_gojo_helmet":1,"jujutsucraft:uniform_gojo_chestplate":3,"minecraft:white_bed":3,"minecraft:dark_oak_log":6,"minecraft:spider_eye":6,"alexsmobs:animal_dictionary":2,"minecraft:mossy_cobblestone":1,"minecraft:iron_hoe":2,"minecraft:slime_ball":3,"minecraft:deepslate":6,"minecraft:stone_axe":3,"minecraft:iron_helmet":5,"minecraft:painting":2,"minecraft:bread":108,"alexsmobs:maggot":2,"minecraft:rooted_dirt":9,"projectvibrantjourneys:orange_bark_mushroom":12,"minecraft:oak_sapling":9,"projectvibrantjourneys:twigs":2,"minecraft:coal":41,"minecraft:ender_pearl":2},"minecraft:killed_by":{"jujutsucraft:max_elephant":1,"minecraft:player":6,"jujutsucraft:cursed_spirit_grade_16":1,"jujutsucraft:kenjaku":1,"jujutsucraft:kashimo_hajime":1,"jujutsucraft:curse_user_1":1,"hordes:zombie_player":1,"jujutsucraft:cursed_spirit_grade_23":1,"minecraft:zombie":13},"minecraft:broken":{"minecraft:wooden_pickaxe":1,"minecraft:stone_pickaxe":2},"minecraft:killed":{"jujutsucraft:cursed_spirit_grade_33":1,"hordes:zombie_player":9,"alexsmobs:raccoon":1,"jujutsucraft:cursed_spirit_grade_39":1,"jujutsucraft:cursed_spirit_grade_38":1,"jujutsucraft:cursed_spirit_grade_34":1,"minecraft:pig":5,"minecraft:zombie_villager":1,"minecraft:zombie":29,"minecraft:cow":1}},"DataVersion":3465}