{"stats":{"minecraft:picked_up":{"minecraft:wooden_axe":7,"minecraft:crafting_table":10,"minecraft:coarse_dirt":91,"minecraft:wheat":24,"minecraft:ladder":2,"ecologics:seashell":1,"minecraft:wooden_pickaxe":1,"minecraft:string":21,"minecraft:raw_copper":23,"minecraft:wooden_sword":8,"minecraft:flint_and_steel":3,"minecraft:cartography_table":3,"minecraft:cobbled_deepslate":155,"minecraft:beef":14,"minecraft:cobblestone_slab":4,"minecraft:iron_nugget":21,"minecraft:poppy":2,"alexsmobs:raccoon_tail":3,"minecraft:birch_sapling":13,"minecraft:chest":3,"minecraft:phantom_membrane":2,"minecraft:furnace":2,"minecraft:stick":15,"minecraft:raw_iron":15,"minecraft:oak_door":7,"projectvibrantjourneys:bark_mushroom":5,"minecraft:torch":10,"minecraft:porkchop":5,"pointblank:gunmetal_nugget":196,"minecraft:cherry_log":2,"pointblank:ammo45acp":65,"pointblank:m1911a1":11,"minecraft:stone_sword":6,"minecraft:rotten_flesh":40,"minecraft:stone_shovel":3,"minecraft:hay_block":46,"create:veridium":16,"minecraft:cobblestone":608,"minecraft:birch_log":34,"minecraft:leather_chestplate":5,"minecraft:feather":2,"minecraft:cherry_planks":8,"minecraft:leather":13,"minecraft:golden_leggings":4,"minecraft:birch_planks":3,"minecraft:tuff":74,"minecraft:oak_log":55,"minecraft:gunpowder":32,"marbledsarsenal:cm6m_gas_mask":12,"minecraft:dirt":15,"minecraft:leather_boots":1,"minecraft:bone":25,"minecraft:apple":6,"minecraft:stone_bricks":1,"minecraft:wheat_seeds":6,"minecraft:orange_tulip":2,"pointblank:hs12":7,"minecraft:stone_pickaxe":9,"pointblank:ammo12gauge":8,"minecraft:oak_planks":340,"minecraft:book":6,"projectvibrantjourneys:light_brown_bark_mushroom":1,"minecraft:sweet_berries":10,"car:canola_seeds":4,"minecraft:white_bed":3,"minecraft:dark_oak_log":6,"minecraft:spider_eye":6,"alexsmobs:animal_dictionary":2,"minecraft:mossy_cobblestone":1,"minecraft:iron_hoe":2,"minecraft:slime_ball":3,"minecraft:stone_axe":2,"minecraft:iron_helmet":4,"minecraft:painting":2,"minecraft:bread":108,"alexsmobs:maggot":2,"minecraft:rooted_dirt":9,"projectvibrantjourneys:orange_bark_mushroom":12,"minecraft:oak_sapling":9,"projectvibrantjourneys:twigs":2,"minecraft:coal":41,"minecraft:ender_pearl":2},"minecraft:used":{"minecraft:oak_trapdoor":2,"minecraft:stone_sword":169,"minecraft:stone_shovel":45,"minecraft:ladder":7,"minecraft:oak_sign":3,"minecraft:chest":7,"minecraft:rotten_flesh":5,"minecraft:oak_door":9,"minecraft:torch":60,"minecraft:dirt":9,"minecraft:oak_fence_gate":1,"minecraft:wooden_axe":71,"minecraft:rooted_dirt":3,"minecraft:stone_bricks":1,"minecraft:furnace":3,"marbledsarsenal:cm6m_gas_mask":3,"minecraft:cooked_beef":2,"minecraft:cobbled_deepslate":1,"minecraft:stone_pickaxe":421,"minecraft:oak_planks":85,"minecraft:cartography_table":2,"minecraft:orange_tulip":1,"minecraft:wooden_pickaxe":60,"minecraft:cherry_planks":8,"minecraft:cobblestone_slab":5,"minecraft:crafting_table":9,"minecraft:white_bed":4,"minecraft:painting":1,"minecraft:bread":23,"minecraft:stone_axe":67,"minecraft:wooden_sword":57,"minecraft:cobblestone":47,"minecraft:cooked_porkchop":1,"minecraft:coarse_dirt":24},"minecraft:mined":{"minecraft:tuff":19,"minecraft:white_bed":3,"minecraft:oak_door":3,"minecraft:cherry_log":2,"minecraft:dark_oak_log":7,"minecraft:ladder":1,"minecraft:cartography_table":2,"minecraft:rooted_dirt":5,"minecraft:hay_block":28,"minecraft:furnace":2,"minecraft:iron_ore":9,"minecraft:cobblestone_slab":1,"minecraft:vine":2,"minecraft:stone":339,"create:veridium":8,"minecraft:cherry_planks":2,"minecraft:hanging_roots":1,"minecraft:crafting_table":6,"minecraft:torch":2,"projectvibrantjourneys:twigs":1,"minecraft:chest":2,"minecraft:tall_grass":4,"minecraft:copper_ore":6,"minecraft:cobblestone":25,"minecraft:wall_torch":2,"minecraft:coarse_dirt":26,"ecologics:seashell":1,"minecraft:birch_log":34,"minecraft:sweet_berry_bush":2,"minecraft:orange_tulip":1,"minecraft:grass":19,"minecraft:oak_log":51,"minecraft:coal_ore":20,"projectvibrantjourneys:short_grass":16,"minecraft:dirt":15,"minecraft:cobweb":6,"minecraft:oak_leaves":4,"minecraft:deepslate":42},"minecraft:broken":{"minecraft:wooden_pickaxe":1,"minecraft:stone_pickaxe":2},"minecraft:killed":{"hordes:zombie_player":9,"alexsmobs:raccoon":1,"minecraft:pig":5,"minecraft:zombie_villager":1,"minecraft:zombie":29,"minecraft:cow":1},"minecraft:custom":{"minecraft:mob_kills":46,"minecraft:interact_with_crafting_table":33,"minecraft:damage_dealt_resisted":95,"minecraft:leave_game":6,"minecraft:time_since_death":4222,"minecraft:climb_one_cm":25114,"minecraft:sprint_one_cm":401741,"minecraft:walk_one_cm":506372,"minecraft:drop":57,"minecraft:play_time":170693,"minecraft:sneak_time":12043,"minecraft:deaths":19,"minecraft:walk_under_water_one_cm":10340,"minecraft:boat_one_cm":69910,"minecraft:jump":2665,"minecraft:interact_with_blast_furnace":2,"minecraft:walk_on_water_one_cm":12102,"minecraft:total_world_time":170693,"minecraft:interact_with_furnace":13,"minecraft:interact_with_cartography_table":1,"minecraft:sleep_in_bed":1,"minecraft:time_since_rest":4253,"minecraft:damage_taken":5971,"minecraft:damage_dealt":7152,"minecraft:player_kills":6,"minecraft:swim_one_cm":12379,"minecraft:fly_one_cm":428615,"minecraft:open_chest":60,"minecraft:crouch_one_cm":29637,"minecraft:fall_one_cm":57954},"minecraft:dropped":{"minecraft:bread":20,"minecraft:porkchop":1,"minecraft:wheat_seeds":4,"minecraft:mossy_cobblestone":1,"minecraft:book":3,"projectvibrantjourneys:orange_bark_mushroom":8,"minecraft:coal":1,"minecraft:dark_oak_log":6,"minecraft:wooden_axe":2,"minecraft:wooden_sword":1,"minecraft:phantom_membrane":2,"pointblank:m1911a1":3,"marbledsarsenal:cm6m_gas_mask":1,"minecraft:bone":7,"car:canola_seeds":4,"minecraft:sweet_berries":5,"alexsmobs:maggot":2,"minecraft:iron_nugget":7,"minecraft:stone_sword":4,"projectvibrantjourneys:twigs":2,"minecraft:birch_sapling":2,"minecraft:wheat":6,"minecraft:rotten_flesh":10,"minecraft:oak_planks":4,"pointblank:gunmetal_nugget":37,"minecraft:leather_chestplate":3,"projectvibrantjourneys:light_brown_bark_mushroom":1,"minecraft:cobblestone_slab":3,"minecraft:gunpowder":6,"create:veridium":10,"minecraft:golden_leggings":1,"minecraft:leather_boots":1,"minecraft:ladder":1,"minecraft:spider_eye":1,"minecraft:painting":1,"minecraft:slime_ball":1,"ecologics:seashell":1,"pointblank:hs12":1},"minecraft:crafted":{"minecraft:cherry_planks":8,"minecraft:wooden_sword":1,"minecraft:oak_door":6,"minecraft:oak_planks":204,"minecraft:oak_sign":3,"minecraft:cobblestone_slab":6,"minecraft:stone_shovel":1,"minecraft:furnace":1,"minecraft:oak_trapdoor":2,"minecraft:ladder":6,"minecraft:stone_pickaxe":4,"minecraft:chest":5,"minecraft:wheat":252,"minecraft:cooked_beef":2,"minecraft:cooked_porkchop":1,"minecraft:crafting_table":4,"minecraft:wooden_pickaxe":1,"minecraft:birch_planks":136,"minecraft:stone_axe":1,"minecraft:bread":84,"minecraft:air":0,"minecraft:oak_fence_gate":1,"minecraft:white_wool":3,"minecraft:stick":48,"minecraft:iron_ingot":2,"minecraft:wooden_axe":1,"minecraft:stone_sword":2,"minecraft:white_bed":1,"minecraft:torch":56},"minecraft:killed_by":{"minecraft:player":3,"hordes:zombie_player":1,"minecraft:zombie":13}},"DataVersion":3465}