{"stats":{"minecraft:killed":{"alexsmobs:fly":1,"minecraft:zombie":1,"minecraft:pig":5},"minecraft:crafted":{"minecraft:oak_planks":20},"minecraft:used":{"alexsmobs:animal_dictionary":2},"minecraft:custom":{"minecraft:time_since_rest":8881,"minecraft:crouch_one_cm":1522,"minecraft:play_time":8881,"minecraft:sprint_one_cm":17349,"minecraft:walk_one_cm":35888,"minecraft:sneak_time":220,"minecraft:mob_kills":7,"minecraft:jump":98,"minecraft:damage_dealt":445,"minecraft:leave_game":1,"minecraft:time_since_death":8881,"minecraft:total_world_time":8881,"minecraft:fall_one_cm":1105,"minecraft:fly_one_cm":6718},"minecraft:picked_up":{"minecraft:wheat_seeds":2,"car:canola_seeds":2,"minecraft:porkchop":10,"pointblank:gunmetal_nugget":6,"minecraft:oak_log":5,"alexsmobs:maggot":2},"minecraft:mined":{"minecraft:grass":10,"minecraft:oak_log":5,"minecraft:tall_grass":1}},"DataVersion":3465}