{"stats":{"minecraft:used":{"minecraft:netherite_sword":3,"minecraft:stone_sword":161,"minecraft:enchanting_table":1,"minecraft:shield":5,"minecraft:stone":2,"minecraft:iron_sword":57,"minecraft:wooden_shovel":28,"minecraft:rotten_flesh":1,"minecraft:oak_door":5,"minecraft:dirt":1,"minecraft:tuff":8,"minecraft:honey_bottle":8,"minecraft:wooden_axe":70,"minecraft:rooted_dirt":6,"minecraft:beef":3,"minecraft:sweet_berries":3,"minecraft:furnace":1,"marbledsarsenal:cm6m_gas_mask":1,"minecraft:potato":2,"minecraft:cobbled_deepslate":43,"alexsmobs:cooked_catfish":3,"minecraft:birch_planks":12,"minecraft:oak_planks":49,"minecraft:stone_pickaxe":355,"farmersdelight:golden_knife":16,"minecraft:wooden_pickaxe":47,"minecraft:white_wool":5,"farmersdelight:onion":1,"minecraft:crafting_table":5,"minecraft:blast_furnace":1,"minecraft:white_bed":5,"minecraft:black_bed":2,"minecraft:apple":3,"minecraft:bread":8,"minecraft:iron_pickaxe":250,"minecraft:stone_axe":64,"minecraft:wooden_sword":80,"minecraft:cobbled_deepslate_slab":7,"minecraft:cobblestone":145,"minecraft:porkchop":10,"minecraft:cooked_porkchop":12,"max_armory:diamond_katana":51,"minecraft:oak_boat":2,"alexsmobs:animal_dictionary":3,"minecraft:coarse_dirt":3,"max_armory:diamond_halberd":46},"minecraft:dropped":{"farmersdelight:tomato_seeds":1,"minecraft:iron_ingot":1,"minecraft:wheat_seeds":1,"minecraft:mossy_cobblestone":3,"minecraft:iron_helmet":2,"projectvibrantjourneys:orange_bark_mushroom":3,"minecraft:dirt":23,"jujutsucraft:item_insect":1,"minecraft:phantom_membrane":2,"pointblank:m1911a1":2,"jujutsucraft:sword_of_extermination":1,"marbledsarsenal:cm6m_gas_mask":2,"minecraft:bone":5,"minecraft:oak_door":2,"minecraft:stone_axe":1,"car:canola_seeds":4,"alexsmobs:maggot":2,"jujutsucraft:uniform_normal_leggings":1,"minecraft:brown_dye":2,"minecraft:iron_nugget":7,"minecraft:cobbled_deepslate":64,"minecraft:coarse_dirt":1,"minecraft:stone_sword":5,"alexsmobs:animal_dictionary":2,"jujutsucraft:uniform_gojo_leggings":1,"minecraft:birch_sapling":2,"minecraft:raw_iron":3,"jujutsucraft:uniform_normal_chestplate":1,"minecraft:flint_and_steel":1,"minecraft:leather_chestplate":3,"minecraft:gunpowder":1,"create:veridium":3,"minecraft:oak_sapling":1,"jujutsucraft:uniform_gojo_helmet":2,"minecraft:spider_eye":4,"minecraft:slime_ball":2,"minecraft:wooden_pickaxe":2,"minecraft:stone_pickaxe":1,"projectvibrantjourneys:cattail":4,"jujutsucraft:uniform_normal_boots":1,"pointblank:hs12":1,"jujutsucraft:uniform_gojo_chestplate":1},"minecraft:crafted":{"minecraft:wooden_sword":2,"minecraft:cobbled_deepslate_slab":6,"minecraft:smooth_stone":3,"minecraft:oak_planks":84,"minecraft:cobblestone_slab":6,"minecraft:furnace":1,"minecraft:blast_furnace":1,"minecraft:stone":3,"k_turrets:titanium_ingot":12,"minecraft:iron_boots":1,"max_armory:rod":1,"minecraft:stone_pickaxe":6,"alexsmobs:cooked_catfish":2,"minecraft:dark_oak_planks":24,"minecraft:wooden_shovel":1,"max_armory:diamond_halberd":1,"minecraft:cooked_porkchop":35,"max_armory:handle":7,"minecraft:crafting_table":5,"pointblank:gunmetal_ingot":5,"minecraft:enchanting_table":1,"minecraft:wooden_pickaxe":2,"minecraft:brown_dye":1,"minecraft:iron_sword":1,"minecraft:birch_planks":20,"minecraft:stone_axe":2,"minecraft:air":0,"minecraft:oak_boat":1,"max_armory:diamond_katana":1,"minecraft:shield":1,"minecraft:stick":42,"minecraft:iron_ingot":16,"minecraft:iron_pickaxe":1,"minecraft:wooden_axe":2,"minecraft:stone_sword":3},"minecraft:custom":{"minecraft:mob_kills":139,"minecraft:interact_with_crafting_table":31,"minecraft:damage_dealt_resisted":1467,"minecraft:leave_game":6,"minecraft:time_since_death":81,"minecraft:climb_one_cm":9567,"minecraft:damage_resisted":703,"minecraft:sprint_one_cm":638493,"minecraft:walk_one_cm":588261,"minecraft:damage_blocked_by_shield":184,"minecraft:drop":65,"minecraft:play_time":220316,"minecraft:deaths":41,"minecraft:sneak_time":20983,"minecraft:walk_under_water_one_cm":9154,"minecraft:boat_one_cm":58085,"minecraft:jump":4047,"minecraft:interact_with_blast_furnace":6,"minecraft:walk_on_water_one_cm":15584,"minecraft:total_world_time":220316,"minecraft:interact_with_furnace":14,"minecraft:interact_with_cartography_table":3,"minecraft:sleep_in_bed":2,"minecraft:time_since_rest":108,"minecraft:damage_taken":13177,"minecraft:damage_dealt":23036,"minecraft:player_kills":6,"minecraft:swim_one_cm":18391,"minecraft:fly_one_cm":762800,"minecraft:open_chest":41,"minecraft:crouch_one_cm":49125,"minecraft:fall_one_cm":91307},"minecraft:mined":{"create:zinc_ore":1,"minecraft:tuff":30,"minecraft:white_bed":4,"minecraft:mossy_cobblestone":2,"minecraft:deepslate_diamond_ore":8,"minecraft:oak_door":1,"minecraft:cobbled_deepslate_slab":2,"minecraft:grass_block":4,"minecraft:red_mushroom":1,"minecraft:rooted_dirt":7,"minecraft:furnace":1,"minecraft:iron_ore":16,"minecraft:cobbled_deepslate":2,"minecraft:snow":1,"minecraft:deepslate_lapis_ore":4,"minecraft:bookshelf":15,"minecraft:deepslate_iron_ore":8,"minecraft:vine":4,"projectvibrantjourneys:ice_chunks":1,"projectvibrantjourneys:seashells":1,"minecraft:stone":258,"create:veridium":2,"projectvibrantjourneys:cattail":4,"minecraft:deepslate_redstone_ore":5,"minecraft:cherry_planks":5,"minecraft:crafting_table":1,"minecraft:torch":1,"projectvibrantjourneys:twigs":1,"minecraft:poppy":1,"minecraft:tall_grass":16,"minecraft:cobblestone":21,"minecraft:oak_planks":9,"minecraft:wall_torch":1,"minecraft:coarse_dirt":6,"minecraft:birch_log":6,"minecraft:sweet_berry_bush":9,"minecraft:birch_leaves":6,"minecraft:grass":40,"k_turrets:titanium_ore":12,"minecraft:coal_ore":14,"minecraft:oak_log":21,"projectvibrantjourneys:short_grass":10,"minecraft:gravel":21,"minecraft:dirt":14,"minecraft:cobweb":5,"minecraft:red_mushroom_block":2,"minecraft:stone_bricks":1,"minecraft:polished_andesite":1,"minecraft:oak_leaves":1,"minecraft:deepslate":213},"minecraft:picked_up":{"minecraft:wooden_axe":11,"minecraft:coarse_dirt":11,"minecraft:crafting_table":4,"minecraft:wooden_pickaxe":17,"minecraft:shield":4,"alexsmobs:cooked_catfish":5,"minecraft:string":46,"minecraft:wooden_sword":4,"minecraft:flint_and_steel":7,"minecraft:cobbled_deepslate":488,"minecraft:beef":27,"minecraft:oak_boat":5,"minecraft:iron_nugget":25,"minecraft:wooden_shovel":3,"minecraft:poppy":1,"farmersdelight:golden_knife":3,"minecraft:birch_sapling":9,"minecraft:phantom_membrane":3,"minecraft:iron_boots":4,"minecraft:furnace":1,"pointblank:gunmetal_ingot":5,"minecraft:stick":55,"minecraft:raw_iron":54,"minecraft:stone":6,"minecraft:oak_door":9,"minecraft:torch":15,"minecraft:porkchop":184,"pointblank:gunmetal_nugget":512,"farmersdelight:tomato_seeds":5,"minecraft:vine":2,"minecraft:redstone":21,"minecraft:brown_dye":2,"minecraft:dark_oak_planks":44,"max_armory:handle":3,"pointblank:ammo45acp":46,"pointblank:m1911a1":8,"minecraft:stone_sword":7,"minecraft:rotten_flesh":408,"farmersdelight:onion":4,"k_turrets:raw_titanium":15,"create:veridium":6,"projectvibrantjourneys:cattail":19,"minecraft:obsidian":8,"minecraft:mutton":59,"minecraft:white_wool":11,"minecraft:cobblestone":385,"minecraft:birch_log":5,"minecraft:birch_leaves":2,"minecraft:leather_chestplate":14,"minecraft:feather":7,"minecraft:cherry_planks":5,"minecraft:glow_ink_sac":5,"minecraft:leather":6,"minecraft:golden_leggings":7,"minecraft:potato":4,"minecraft:birch_planks":51,"minecraft:tuff":71,"create:raw_zinc":1,"minecraft:oak_log":21,"max_armory:diamond_katana":3,"minecraft:golden_boots":1,"minecraft:gunpowder":76,"minecraft:lapis_lazuli":100,"marbledsarsenal:cm6m_gas_mask":18,"minecraft:dirt":64,"minecraft:leather_boots":8,"minecraft:hanging_roots":2,"minecraft:bone":28,"minecraft:apple":12,"max_armory:diamond_halberd":4,"minecraft:wheat_seeds":11,"pointblank:hs12":14,"minecraft:cobbled_deepslate_slab":11,"minecraft:iron_ingot":1,"minecraft:stone_pickaxe":14,"pointblank:ammo12gauge":10,"minecraft:glass_bottle":24,"minecraft:iron_sword":5,"minecraft:oak_planks":45,"minecraft:book":174,"projectvibrantjourneys:light_brown_bark_mushroom":1,"k_turrets:titanium_ingot":12,"minecraft:cooked_porkchop":131,"minecraft:sweet_berries":156,"car:canola_seeds":22,"jujutsucraft:uniform_gojo_helmet":1,"minecraft:white_bed":6,"minecraft:dark_oak_log":6,"minecraft:spider_eye":28,"alexsmobs:animal_dictionary":13,"minecraft:mossy_cobblestone":4,"alexsmobs:raw_catfish":6,"minecraft:deepslate":4,"minecraft:slime_ball":4,"minecraft:diamond":10,"minecraft:stone_axe":7,"minecraft:iron_helmet":7,"minecraft:bread":31,"alexsmobs:maggot":24,"minecraft:rooted_dirt":9,"projectvibrantjourneys:orange_bark_mushroom":3,"minecraft:oak_sapling":14,"projectvibrantjourneys:twigs":13,"minecraft:coal":60},"minecraft:killed_by":{"minecraft:player":11,"jujutsucraft:cursed_spirit_grade_16":1,"jujutsucraft:cursed_spirit_grade_33":1,"hordes:zombie_player":3,"jujutsucraft:cursed_spirit_grade_23":1,"minecraft:zombie":15},"minecraft:broken":{"minecraft:stone_sword":1,"minecraft:wooden_pickaxe":1,"minecraft:stone_pickaxe":2,"minecraft:wooden_sword":1,"minecraft:leather_boots":1,"minecraft:iron_pickaxe":1,"minecraft:wooden_axe":2},"minecraft:killed":{"jujutsucraft:cursed_spirit_grade_33":2,"hordes:zombie_player":13,"jujutsucraft:cursed_spirit_grade_318":1,"jujutsucraft:cursed_spirit_grade_316":1,"jujutsucraft:cursed_spirit_grade_317":1,"jujutsucraft:cursed_spirit_grade_34":1,"minecraft:cat":1,"minecraft:pig":16,"minecraft:zombie_villager":1,"minecraft:bat":3,"minecraft:sheep":5,"alexsmobs:catfish":1,"jujutsucraft:cursed_spirit_grade_314":1,"minecraft:zombie":87,"alexsmobs:fly":1,"alexsmobs:crow":1,"jujutsucraft:cursed_spirit_grade_315":1,"minecraft:cow":1}},"DataVersion":3465}