{"stats":{"minecraft:mined":{"projectvibrantjourneys:cattail":3,"minecraft:white_bed":1,"minecraft:crafting_table":1,"minecraft:grass":12,"minecraft:oak_log":5,"minecraft:poppy":1,"minecraft:tall_grass":1,"minecraft:stone":1},"minecraft:killed_by":{"minecraft:player":1,"minecraft:zombie":2},"minecraft:picked_up":{"minecraft:wooden_axe":2,"minecraft:leather_chestplate":1,"minecraft:stick":8,"minecraft:crafting_table":3,"minecraft:leather":3,"car:canola_seeds":8,"minecraft:wooden_pickaxe":2,"minecraft:porkchop":40,"pointblank:gunmetal_nugget":61,"minecraft:oak_log":5,"minecraft:white_bed":1,"minecraft:gunpowder":4,"minecraft:spider_eye":1,"minecraft:string":2,"marbledsarsenal:cm6m_gas_mask":3,"alexsmobs:animal_dictionary":3,"minecraft:wooden_sword":2,"pointblank:ammo45acp":46,"pointblank:m1911a1":5,"minecraft:leather_boots":3,"minecraft:rotten_flesh":16,"minecraft:wheat_seeds":8,"pointblank:hs12":3,"minecraft:beef":9,"projectvibrantjourneys:cattail":3,"pointblank:ammo12gauge":10,"minecraft:bread":25,"alexsmobs:maggot":8,"minecraft:oak_sapling":2,"projectvibrantjourneys:twigs":2,"minecraft:mutton":13,"minecraft:oak_planks":28,"minecraft:white_wool":11,"minecraft:cobblestone":1},"minecraft:used":{"minecraft:wooden_axe":4,"minecraft:netherite_sword":3,"minecraft:bread":5,"minecraft:wooden_pickaxe":1,"minecraft:wooden_sword":50,"minecraft:crafting_table":1,"minecraft:white_bed":1,"alexsmobs:animal_dictionary":2},"minecraft:custom":{"minecraft:time_since_rest":16309,"minecraft:sprint_one_cm":117486,"minecraft:damage_taken":859,"minecraft:walk_one_cm":99491,"minecraft:mob_kills":21,"minecraft:drop":2,"minecraft:damage_dealt":2456,"minecraft:swim_one_cm":5671,"minecraft:interact_with_crafting_table":1,"minecraft:player_kills":1,"minecraft:fly_one_cm":154717,"minecraft:open_chest":2,"minecraft:crouch_one_cm":4396,"minecraft:play_time":31957,"minecraft:deaths":3,"minecraft:sneak_time":954,"minecraft:walk_under_water_one_cm":2858,"minecraft:damage_dealt_resisted":104,"minecraft:jump":637,"minecraft:leave_game":2,"minecraft:walk_on_water_one_cm":5874,"minecraft:time_since_death":16284,"minecraft:climb_one_cm":715,"minecraft:total_world_time":31957,"minecraft:fall_one_cm":14362},"minecraft:dropped":{"pointblank:m1911a1":2},"minecraft:killed":{"minecraft:sheep":5,"minecraft:zombie":7,"minecraft:pig":5,"hordes:zombie_player":2,"alexsmobs:fly":1,"minecraft:cow":1},"minecraft:crafted":{"minecraft:wooden_sword":1,"minecraft:oak_planks":20,"minecraft:crafting_table":1,"minecraft:stick":8,"minecraft:wooden_pickaxe":1,"minecraft:wooden_axe":1}},"DataVersion":3465}